<?xml version="1.0" encoding="UTF-8"?>
<metadata xml:lang="en"><Esri><CreaDate>20221020</CreaDate><CreaTime>09572700</CreaTime><ArcGISFormat>1.0</ArcGISFormat><SyncOnce>FALSE</SyncOnce><DataProperties><itemProps><itemLocation><linkage Sync="TRUE">file://\\LAPTOP-47V7KGVC\C$\Users\ninal\Documents\postdoc UCDavis\testt\tooldata\MLRA_Data</linkage><protocol Sync="TRUE">Local Area Network</protocol></itemLocation><itemName Sync="TRUE">MLRA_Data_3</itemName><imsContentType Sync="TRUE">002</imsContentType><itemSize Sync="TRUE">0.000</itemSize></itemProps><copyHistory><copy source="C:\Users\ninal\Documents\postdoc UCDavis\testt\data_Chandra\tooldata\MLRA_Data" dest="\\LAPTOP-47V7KGVC\C$\Users\ninal\Documents\postdoc UCDavis\testt\tooldata\MLRA_Data" date="20221020" time="09572700"></copy></copyHistory><lineage><Process ToolSource="c:\program files (x86)\arcgis\desktop10.4\ArcToolbox\Toolboxes\Data Management Tools.tbx\CalculateField" Date="20190201" Time="162122">CalculateField MLRAs_GT_70pc_rangeCopy GroupID 1 VB #</Process><Process ToolSource="c:\program files (x86)\arcgis\desktop10.4\ArcToolbox\Toolboxes\Data Management Tools.tbx\CalculateField" Date="20190201" Time="162854">CalculateField MLRAs_GT_70pc_rangeCopy GroupID 2 VB #</Process><Process ToolSource="c:\program files (x86)\arcgis\desktop10.4\ArcToolbox\Toolboxes\Data Management Tools.tbx\CalculateField" Date="20190201" Time="163103">CalculateField MLRAs_GT_70pc_rangeCopy GroupID 3 VB #</Process><Process ToolSource="c:\program files (x86)\arcgis\desktop10.4\ArcToolbox\Toolboxes\Data Management Tools.tbx\CalculateField" Date="20190201" Time="163447">CalculateField MLRAs_GT_70pc_rangeCopy GroupID 4 VB #</Process><Process ToolSource="c:\program files (x86)\arcgis\desktop10.4\ArcToolbox\Toolboxes\Data Management Tools.tbx\CalculateField" Date="20190201" Time="165420">CalculateField MLRAs_GT_70pc_rangeCopy GroupID 5 VB #</Process><Process ToolSource="c:\program files (x86)\arcgis\desktop10.4\ArcToolbox\Toolboxes\Data Management Tools.tbx\CalculateField" Date="20190201" Time="165949">CalculateField MLRAs_GT_70pc_rangeCopy GroupID 6 VB #</Process><Process ToolSource="c:\program files (x86)\arcgis\desktop10.6\ArcToolbox\Toolboxes\Data Management Tools.tbx\Dissolve" Date="20190314" Time="163124">Dissolve MLRAs_GT_70pc_rangeCopy "C:\Users\mkautz\Documents\Hydrologist ARS\RaBET - MLRA Polygons\MLRAs_Rangeland_Dissolve.shp" MLRARSYM # MULTI_PART DISSOLVE_LINES</Process><Process ToolSource="c:\program files (x86)\arcgis\desktop10.6\ArcToolbox\Toolboxes\Analysis Tools.tbx\Intersect" Date="20190314" Time="170223">Intersect "MLRAs_Rangeland_Dissolve #;wrs2_descending_clip #" "C:\Users\mkautz\Documents\Hydrologist ARS\RaBET - MLRA Polygons\MLRAs_Rangeland_Intersect.shp" ALL # INPUT</Process><Process ToolSource="c:\program files (x86)\arcgis\desktop10.6\ArcToolbox\Toolboxes\Data Management Tools.tbx\Dissolve" Date="20190315" Time="084723">Dissolve MLRAs_Rangeland_Intersect "C:\Users\mkautz\Documents\Hydrologist ARS\RaBET - MLRA Polygons\MLRA_Data_Dissolve.shp" MLRARSYM;PR # MULTI_PART UNSPLIT_LINES</Process><Process ToolSource="c:\program files (x86)\arcgis\desktop10.6\ArcToolbox\Toolboxes\Data Management Tools.tbx\Merge" Date="20190315" Time="084956">Merge MLRA_Data_Dissolve;MLRA_Data "C:\Users\mkautz\Documents\Hydrologist ARS\RaBET - MLRA Polygons\MLRA_Data_Dissolve_Merge.shp" "MLRARSYM "MLRARSYM" true true false 4 Text 0 0 ,First,#,MLRA_Data_Dissolve,MLRARSYM,-1,-1;PR "PR" true true false 6 Long 0 6 ,First,#,MLRA_Data_Dissolve,PR,-1,-1;MLRA_ID "MLRA_ID" true true false 50 Text 0 0 ,First,#,MLRA_Data,MLRA_ID,-1,-1;Path_Row "Path_Row" true true false 50 Text 0 0 ,First,#,MLRA_Data,Path_Row,-1,-1;Cloud_Thr "Cloud_Thr" true true false 50 Text 0 0 ,First,#,MLRA_Data,Cloud_Thr,-1,-1;DOY_Start "DOY_Start" true true false 19 Double 0 0 ,First,#,MLRA_Data,DOY_Start,-1,-1;DOY_End "DOY_End" true true false 19 Double 0 0 ,First,#,MLRA_Data,DOY_End,-1,-1;ZoneID "ZoneID" true true false 50 Text 0 0 ,First,#,MLRA_Data,ZoneID,-1,-1;Cell_Stat "Cell_Stat" true true false 50 Text 0 0 ,First,#,MLRA_Data,Cell_Stat,-1,-1;Subregions "Subregions" true true false 5 Long 0 5 ,First,#,MLRA_Data,Subregions,-1,-1;Index_1 "Index_1" true true false 50 Text 0 0 ,First,#,MLRA_Data,Index_1,-1,-1;Index_2 "Index_2" true true false 50 Text 0 0 ,First,#,MLRA_Data,Index_2,-1,-1;Index_3 "Index_3" true true false 50 Text 0 0 ,First,#,MLRA_Data,Index_3,-1,-1;Coeff_1 "Coeff_1" true true false 50 Text 0 0 ,First,#,MLRA_Data,Coeff_1,-1,-1;Coeff_2 "Coeff_2" true true false 50 Text 0 0 ,First,#,MLRA_Data,Coeff_2,-1,-1;Coeff_3 "Coeff_3" true true false 50 Text 0 0 ,First,#,MLRA_Data,Coeff_3,-1,-1;L "L" true true false 19 Double 0 0 ,First,#,MLRA_Data,L,-1,-1;Exp_1 "Exp_1" true true false 50 Text 0 0 ,First,#,MLRA_Data,Exp_1,-1,-1;Exp_2 "Exp_2" true true false 50 Text 0 0 ,First,#,MLRA_Data,Exp_2,-1,-1;Exp_3 "Exp_3" true true false 50 Text 0 0 ,First,#,MLRA_Data,Exp_3,-1,-1"</Process><Process ToolSource="c:\program files (x86)\arcgis\desktop10.6\ArcToolbox\Toolboxes\Data Management Tools.tbx\CalculateField" Date="20190315" Time="085124">CalculateField MLRA_Data_Dissolve_Merge PR_Str [PR] VB #</Process><Process ToolSource="c:\program files (x86)\arcgis\desktop10.6\ArcToolbox\Toolboxes\Data Management Tools.tbx\CalculateField" Date="20190315" Time="085156">CalculateField MLRA_Data_Dissolve_Merge Path_Row ""0" + !PR_Str!" PYTHON_9.3 #</Process><Process ToolSource="c:\program files (x86)\arcgis\desktop10.6\ArcToolbox\Toolboxes\Data Management Tools.tbx\CalculateField" Date="20190315" Time="085216">CalculateField MLRA_Data_Dissolve_Merge MLRA_ID !MLRARSYM! PYTHON_9.3 #</Process><Process ToolSource="c:\program files (x86)\arcgis\desktop10.6\ArcToolbox\Toolboxes\Data Management Tools.tbx\CalculateField" Date="20190315" Time="085336">CalculateField MLRA_Data_Dissolve_Merge Cloud_Thr 10 VB #</Process><Process ToolSource="c:\program files (x86)\arcgis\desktop10.6\ArcToolbox\Toolboxes\Data Management Tools.tbx\CalculateField" Date="20190315" Time="085712">CalculateField MLRA_Data_Dissolve_Merge id "!Path_Row![1:2] + !Path_Row![4:5]" PYTHON_9.3 #</Process><Process ToolSource="c:\program files (x86)\arcgis\desktop10.6\ArcToolbox\Toolboxes\Data Management Tools.tbx\CalculateField" Date="20190315" Time="085738">CalculateField MLRA_Data_Dissolve_Merge id "!Path_Row![1:3] + !Path_Row![4:6]" PYTHON_9.3 #</Process><Process ToolSource="c:\program files (x86)\arcgis\desktop10.6\ArcToolbox\Toolboxes\Data Management Tools.tbx\CalculateField" Date="20190315" Time="085830">CalculateField MLRA_Data_Dissolve_Merge ZoneID ""WRS" + !id!" PYTHON_9.3 #</Process><Process ToolSource="c:\program files (x86)\arcgis\desktop10.8\ArcToolbox\Toolboxes\Data Management Tools.tbx\CalculateField" Date="20210124" Time="153635">CalculateField MLRA_Data ZoneID ""WRS" &amp; Mid([Path_Row], 2, 2) &amp; Right([Path_Row], 2)" VB #</Process><Process ToolSource="c:\program files (x86)\arcgis\desktop10.8\ArcToolbox\Toolboxes\Data Management Tools.tbx\CalculateField" Date="20210710" Time="150956">CalculateField MLRA_Data Cloud_Thr 10 VB #</Process><Process ToolSource="c:\program files (x86)\arcgis\desktop10.8\ArcToolbox\Toolboxes\Data Management Tools.tbx\CalculateField" Date="20210710" Time="151034">CalculateField MLRA_Data Subregions 2 VB #</Process><Process ToolSource="c:\program files (x86)\arcgis\desktop10.7\ArcToolbox\Toolboxes\Data Management Tools.tbx\Dissolve" Date="20210924" Time="094630">Dissolve MLRA_Data_new "C:\Users\Chandra Collins\Documents\ArcGIS\Default.gdb\MLRA_Data_new_Dissolve1" MLRA_ID;Path_Row;Cloud_Thr;DOY_Start;DOY_End;ZoneID;Cell_Stat;Subregions;Index_1;Index_2;Index_3;Coeff_1;Coeff_2;Coeff_3;L;Exp_1;Exp_2;Exp_3 # MULTI_PART DISSOLVE_LINES</Process><Process ToolSource="c:\program files (x86)\arcgis\desktop10.7\ArcToolbox\Toolboxes\Conversion Tools.tbx\FeatureClassToFeatureClass" Date="20210924" Time="095427">FeatureClassToFeatureClass "C:\Users\Chandra Collins\Documents\ArcGIS\Default.gdb\MLRA_Data_new_Dissolve1" E:\RaBET\RaBETv8_DEMO_Master_20190625\tooldata MLRA_Data_3.shp # "MLRA_ID "MLRA_ID" true true false 50 Text 0 0 ,First,#,C:\Users\Chandra Collins\Documents\ArcGIS\Default.gdb\MLRA_Data_new_Dissolve1,MLRA_ID,-1,-1;Path_Row "Path_Row" true true false 50 Text 0 0 ,First,#,C:\Users\Chandra Collins\Documents\ArcGIS\Default.gdb\MLRA_Data_new_Dissolve1,Path_Row,-1,-1;Cloud_Thr "Cloud_Thr" true true false 50 Text 0 0 ,First,#,C:\Users\Chandra Collins\Documents\ArcGIS\Default.gdb\MLRA_Data_new_Dissolve1,Cloud_Thr,-1,-1;DOY_Start "DOY_Start" true true false 8 Double 0 0 ,First,#,C:\Users\Chandra Collins\Documents\ArcGIS\Default.gdb\MLRA_Data_new_Dissolve1,DOY_Start,-1,-1;DOY_End "DOY_End" true true false 8 Double 0 0 ,First,#,C:\Users\Chandra Collins\Documents\ArcGIS\Default.gdb\MLRA_Data_new_Dissolve1,DOY_End,-1,-1;ZoneID "ZoneID" true true false 50 Text 0 0 ,First,#,C:\Users\Chandra Collins\Documents\ArcGIS\Default.gdb\MLRA_Data_new_Dissolve1,ZoneID,-1,-1;Cell_Stat "Cell_Stat" true true false 50 Text 0 0 ,First,#,C:\Users\Chandra Collins\Documents\ArcGIS\Default.gdb\MLRA_Data_new_Dissolve1,Cell_Stat,-1,-1;Subregions "Subregions" true true false 4 Long 0 0 ,First,#,C:\Users\Chandra Collins\Documents\ArcGIS\Default.gdb\MLRA_Data_new_Dissolve1,Subregions,-1,-1;Index_1 "Index_1" true true false 50 Text 0 0 ,First,#,C:\Users\Chandra Collins\Documents\ArcGIS\Default.gdb\MLRA_Data_new_Dissolve1,Index_1,-1,-1;Index_2 "Index_2" true true false 50 Text 0 0 ,First,#,C:\Users\Chandra Collins\Documents\ArcGIS\Default.gdb\MLRA_Data_new_Dissolve1,Index_2,-1,-1;Index_3 "Index_3" true true false 50 Text 0 0 ,First,#,C:\Users\Chandra Collins\Documents\ArcGIS\Default.gdb\MLRA_Data_new_Dissolve1,Index_3,-1,-1;Coeff_1 "Coeff_1" true true false 50 Text 0 0 ,First,#,C:\Users\Chandra Collins\Documents\ArcGIS\Default.gdb\MLRA_Data_new_Dissolve1,Coeff_1,-1,-1;Coeff_2 "Coeff_2" true true false 50 Text 0 0 ,First,#,C:\Users\Chandra Collins\Documents\ArcGIS\Default.gdb\MLRA_Data_new_Dissolve1,Coeff_2,-1,-1;Coeff_3 "Coeff_3" true true false 50 Text 0 0 ,First,#,C:\Users\Chandra Collins\Documents\ArcGIS\Default.gdb\MLRA_Data_new_Dissolve1,Coeff_3,-1,-1;L "L" true true false 8 Double 0 0 ,First,#,C:\Users\Chandra Collins\Documents\ArcGIS\Default.gdb\MLRA_Data_new_Dissolve1,L,-1,-1;Exp_1 "Exp_1" true true false 50 Text 0 0 ,First,#,C:\Users\Chandra Collins\Documents\ArcGIS\Default.gdb\MLRA_Data_new_Dissolve1,Exp_1,-1,-1;Exp_2 "Exp_2" true true false 50 Text 0 0 ,First,#,C:\Users\Chandra Collins\Documents\ArcGIS\Default.gdb\MLRA_Data_new_Dissolve1,Exp_2,-1,-1;Exp_3 "Exp_3" true true false 50 Text 0 0 ,First,#,C:\Users\Chandra Collins\Documents\ArcGIS\Default.gdb\MLRA_Data_new_Dissolve1,Exp_3,-1,-1;Shape_Leng "Shape_Leng" false true true 8 Double 0 0 ,First,#,C:\Users\Chandra Collins\Documents\ArcGIS\Default.gdb\MLRA_Data_new_Dissolve1,Shape_Length,-1,-1;Shape_Area "Shape_Area" false true true 8 Double 0 0 ,First,#,C:\Users\Chandra Collins\Documents\ArcGIS\Default.gdb\MLRA_Data_new_Dissolve1,Shape_Area,-1,-1" #</Process><Process ToolSource="c:\program files\arcgis\pro\Resources\ArcToolbox\Toolboxes\Data Management Tools.tbx\Copy" Date="20221020" Time="095727">Copy "C:\Users\ninal\Documents\postdoc UCDavis\testt\data_Chandra\tooldata\MLRA_Data.shp" "C:\Users\ninal\Documents\postdoc UCDavis\testt\tooldata\MLRA_Data.shp" Shapefile #</Process></lineage><coordRef><type Sync="TRUE">Geographic</type><geogcsn Sync="TRUE">GCS_North_American_1983</geogcsn><csUnits Sync="TRUE">Angular Unit: Degree (0.017453)</csUnits><peXml Sync="TRUE">&lt;GeographicCoordinateSystem xsi:type='typens:GeographicCoordinateSystem' xmlns:xsi='http://www.w3.org/2001/XMLSchema-instance' xmlns:xs='http://www.w3.org/2001/XMLSchema' xmlns:typens='http://www.esri.com/schemas/ArcGIS/10.7'&gt;&lt;WKT&gt;GEOGCS[&amp;quot;GCS_North_American_1983&amp;quot;,DATUM[&amp;quot;D_North_American_1983&amp;quot;,SPHEROID[&amp;quot;GRS_1980&amp;quot;,6378137.0,298.257222101]],PRIMEM[&amp;quot;Greenwich&amp;quot;,0.0],UNIT[&amp;quot;Degree&amp;quot;,0.0174532925199433],AUTHORITY[&amp;quot;EPSG&amp;quot;,4269]]&lt;/WKT&gt;&lt;XOrigin&gt;-400&lt;/XOrigin&gt;&lt;YOrigin&gt;-400&lt;/YOrigin&gt;&lt;XYScale&gt;11258999068426.238&lt;/XYScale&gt;&lt;ZOrigin&gt;-100000&lt;/ZOrigin&gt;&lt;ZScale&gt;10000&lt;/ZScale&gt;&lt;MOrigin&gt;-100000&lt;/MOrigin&gt;&lt;MScale&gt;10000&lt;/MScale&gt;&lt;XYTolerance&gt;8.9831528411952133e-09&lt;/XYTolerance&gt;&lt;ZTolerance&gt;0.001&lt;/ZTolerance&gt;&lt;MTolerance&gt;0.001&lt;/MTolerance&gt;&lt;HighPrecision&gt;true&lt;/HighPrecision&gt;&lt;LeftLongitude&gt;-180&lt;/LeftLongitude&gt;&lt;WKID&gt;4269&lt;/WKID&gt;&lt;LatestWKID&gt;4269&lt;/LatestWKID&gt;&lt;/GeographicCoordinateSystem&gt;</peXml></coordRef></DataProperties><SyncDate>20210924</SyncDate><SyncTime>09542400</SyncTime><ModDate>20210924</ModDate><ModTime>09542400</ModTime></Esri><dataIdInfo><envirDesc Sync="TRUE"> Version 6.2 (Build 9200) ; Esri ArcGIS 10.7.1.11595</envirDesc><dataLang><languageCode value="eng" Sync="TRUE"></languageCode><countryCode value="USA" Sync="TRUE"></countryCode></dataLang><idCitation><resTitle Sync="TRUE">MLRA_Data_3</resTitle><presForm><PresFormCd value="005" Sync="TRUE"></PresFormCd></presForm></idCitation><spatRpType><SpatRepTypCd value="001" Sync="TRUE"></SpatRepTypCd></spatRpType></dataIdInfo><mdLang><languageCode value="eng" Sync="TRUE"></languageCode><countryCode value="USA" Sync="TRUE"></countryCode></mdLang><mdChar><CharSetCd value="004" Sync="TRUE"></CharSetCd></mdChar><distInfo><distFormat><formatName Sync="TRUE">Shapefile</formatName></distFormat><distTranOps><transSize Sync="TRUE">0.000</transSize></distTranOps></distInfo><mdHrLv><ScopeCd value="005" Sync="TRUE"></ScopeCd></mdHrLv><mdHrLvName Sync="TRUE">dataset</mdHrLvName><refSysInfo><RefSystem><refSysID><identCode code="4269" Sync="TRUE"></identCode><idCodeSpace Sync="TRUE">EPSG</idCodeSpace><idVersion Sync="TRUE">6.12(3.0.1)</idVersion></refSysID></RefSystem></refSysInfo><spatRepInfo><VectSpatRep><geometObjs Name="MLRA_Data_3"><geoObjTyp><GeoObjTypCd value="002" Sync="TRUE"></GeoObjTypCd></geoObjTyp><geoObjCnt Sync="TRUE">0</geoObjCnt></geometObjs><topLvl><TopoLevCd value="001" Sync="TRUE"></TopoLevCd></topLvl></VectSpatRep></spatRepInfo><spdoinfo><ptvctinf><esriterm Name="MLRA_Data_3"><efeatyp Sync="TRUE">Simple</efeatyp><efeageom code="4" Sync="TRUE"></efeageom><esritopo Sync="TRUE">FALSE</esritopo><efeacnt Sync="TRUE">0</efeacnt><spindex Sync="TRUE">FALSE</spindex><linrefer Sync="TRUE">FALSE</linrefer></esriterm></ptvctinf></spdoinfo><eainfo><detailed Name="MLRA_Data_3"><enttyp><enttypl Sync="TRUE">MLRA_Data_3</enttypl><enttypt Sync="TRUE">Feature Class</enttypt><enttypc Sync="TRUE">0</enttypc></enttyp><attr><attrlabl Sync="TRUE">FID</attrlabl><attalias Sync="TRUE">FID</attalias><attrtype Sync="TRUE">OID</attrtype><attwidth Sync="TRUE">4</attwidth><atprecis Sync="TRUE">0</atprecis><attscale Sync="TRUE">0</attscale><attrdef Sync="TRUE">Internal feature number.</attrdef><attrdefs Sync="TRUE">Esri</attrdefs><attrdomv><udom Sync="TRUE">Sequential unique whole numbers that are automatically generated.</udom></attrdomv></attr><attr><attrlabl Sync="TRUE">Shape</attrlabl><attalias Sync="TRUE">Shape</attalias><attrtype Sync="TRUE">Geometry</attrtype><attwidth Sync="TRUE">0</attwidth><atprecis Sync="TRUE">0</atprecis><attscale Sync="TRUE">0</attscale><attrdef Sync="TRUE">Feature geometry.</attrdef><attrdefs Sync="TRUE">Esri</attrdefs><attrdomv><udom Sync="TRUE">Coordinates defining the features.</udom></attrdomv></attr><attr><attrlabl Sync="TRUE">MLRA_ID</attrlabl><attalias Sync="TRUE">MLRA_ID</attalias><attrtype Sync="TRUE">String</attrtype><attwidth Sync="TRUE">50</attwidth><atprecis Sync="TRUE">0</atprecis><attscale Sync="TRUE">0</attscale></attr><attr><attrlabl Sync="TRUE">Path_Row</attrlabl><attalias Sync="TRUE">Path_Row</attalias><attrtype Sync="TRUE">String</attrtype><attwidth Sync="TRUE">50</attwidth><atprecis Sync="TRUE">0</atprecis><attscale Sync="TRUE">0</attscale></attr><attr><attrlabl Sync="TRUE">Cloud_Thr</attrlabl><attalias Sync="TRUE">Cloud_Thr</attalias><attrtype Sync="TRUE">String</attrtype><attwidth Sync="TRUE">50</attwidth><atprecis Sync="TRUE">0</atprecis><attscale Sync="TRUE">0</attscale></attr><attr><attrlabl Sync="TRUE">DOY_Start</attrlabl><attalias Sync="TRUE">DOY_Start</attalias><attrtype Sync="TRUE">Double</attrtype><attwidth Sync="TRUE">19</attwidth><atprecis Sync="TRUE">0</atprecis><attscale Sync="TRUE">0</attscale></attr><attr><attrlabl Sync="TRUE">DOY_End</attrlabl><attalias Sync="TRUE">DOY_End</attalias><attrtype Sync="TRUE">Double</attrtype><attwidth Sync="TRUE">19</attwidth><atprecis Sync="TRUE">0</atprecis><attscale Sync="TRUE">0</attscale></attr><attr><attrlabl Sync="TRUE">ZoneID</attrlabl><attalias Sync="TRUE">ZoneID</attalias><attrtype Sync="TRUE">String</attrtype><attwidth Sync="TRUE">50</attwidth><atprecis Sync="TRUE">0</atprecis><attscale Sync="TRUE">0</attscale></attr><attr><attrlabl Sync="TRUE">Cell_Stat</attrlabl><attalias Sync="TRUE">Cell_Stat</attalias><attrtype Sync="TRUE">String</attrtype><attwidth Sync="TRUE">50</attwidth><atprecis Sync="TRUE">0</atprecis><attscale Sync="TRUE">0</attscale></attr><attr><attrlabl Sync="TRUE">Subregions</attrlabl><attalias Sync="TRUE">Subregions</attalias><attrtype Sync="TRUE">Integer</attrtype><attwidth Sync="TRUE">10</attwidth><atprecis Sync="TRUE">10</atprecis><attscale Sync="TRUE">0</attscale></attr><attr><attrlabl Sync="TRUE">Index_1</attrlabl><attalias Sync="TRUE">Index_1</attalias><attrtype Sync="TRUE">String</attrtype><attwidth Sync="TRUE">50</attwidth><atprecis Sync="TRUE">0</atprecis><attscale Sync="TRUE">0</attscale></attr><attr><attrlabl Sync="TRUE">Index_2</attrlabl><attalias Sync="TRUE">Index_2</attalias><attrtype Sync="TRUE">String</attrtype><attwidth Sync="TRUE">50</attwidth><atprecis Sync="TRUE">0</atprecis><attscale Sync="TRUE">0</attscale></attr><attr><attrlabl Sync="TRUE">Index_3</attrlabl><attalias Sync="TRUE">Index_3</attalias><attrtype Sync="TRUE">String</attrtype><attwidth Sync="TRUE">50</attwidth><atprecis Sync="TRUE">0</atprecis><attscale Sync="TRUE">0</attscale></attr><attr><attrlabl Sync="TRUE">Coeff_1</attrlabl><attalias Sync="TRUE">Coeff_1</attalias><attrtype Sync="TRUE">String</attrtype><attwidth Sync="TRUE">50</attwidth><atprecis Sync="TRUE">0</atprecis><attscale Sync="TRUE">0</attscale></attr><attr><attrlabl Sync="TRUE">Coeff_2</attrlabl><attalias Sync="TRUE">Coeff_2</attalias><attrtype Sync="TRUE">String</attrtype><attwidth Sync="TRUE">50</attwidth><atprecis Sync="TRUE">0</atprecis><attscale Sync="TRUE">0</attscale></attr><attr><attrlabl Sync="TRUE">Coeff_3</attrlabl><attalias Sync="TRUE">Coeff_3</attalias><attrtype Sync="TRUE">String</attrtype><attwidth Sync="TRUE">50</attwidth><atprecis Sync="TRUE">0</atprecis><attscale Sync="TRUE">0</attscale></attr><attr><attrlabl Sync="TRUE">L</attrlabl><attalias Sync="TRUE">L</attalias><attrtype Sync="TRUE">Double</attrtype><attwidth Sync="TRUE">19</attwidth><atprecis Sync="TRUE">0</atprecis><attscale Sync="TRUE">0</attscale></attr><attr><attrlabl Sync="TRUE">Exp_1</attrlabl><attalias Sync="TRUE">Exp_1</attalias><attrtype Sync="TRUE">String</attrtype><attwidth Sync="TRUE">50</attwidth><atprecis Sync="TRUE">0</atprecis><attscale Sync="TRUE">0</attscale></attr><attr><attrlabl Sync="TRUE">Exp_2</attrlabl><attalias Sync="TRUE">Exp_2</attalias><attrtype Sync="TRUE">String</attrtype><attwidth Sync="TRUE">50</attwidth><atprecis Sync="TRUE">0</atprecis><attscale Sync="TRUE">0</attscale></attr><attr><attrlabl Sync="TRUE">Exp_3</attrlabl><attalias Sync="TRUE">Exp_3</attalias><attrtype Sync="TRUE">String</attrtype><attwidth Sync="TRUE">50</attwidth><atprecis Sync="TRUE">0</atprecis><attscale Sync="TRUE">0</attscale></attr><attr><attrlabl Sync="TRUE">Shape_Leng</attrlabl><attalias Sync="TRUE">Shape_Leng</attalias><attrtype Sync="TRUE">Double</attrtype><attwidth Sync="TRUE">19</attwidth><atprecis Sync="TRUE">0</atprecis><attscale Sync="TRUE">0</attscale></attr><attr><attrlabl Sync="TRUE">Shape_Area</attrlabl><attalias Sync="TRUE">Shape_Area</attalias><attrtype Sync="TRUE">Double</attrtype><attwidth Sync="TRUE">19</attwidth><atprecis Sync="TRUE">0</atprecis><attscale Sync="TRUE">0</attscale><attrdef Sync="TRUE">Area of feature in internal units squared.</attrdef><attrdefs Sync="TRUE">Esri</attrdefs><attrdomv><udom Sync="TRUE">Positive real numbers that are automatically generated.</udom></attrdomv></attr></detailed></eainfo><mdDateSt Sync="TRUE">20210924</mdDateSt></metadata>
